{
  "users": [
    {
      "name": "heba",
      "email": "heba@hotmail.com",
      "password": "123",
      "birthday": "2442001",
      "Gender": "female"
    },
    {
      "name": "alex",
      "email": "alex@hotmail.com",
      "password": "1234",
      "birthday": "2151999",
      "Gender": "male"
    },
    {
      "id": 1,
      "name": "gh",
      "email": "gh@gmail.com",
      "password": "234",
      "birthday": "2023-01-13",
      "Gender": "female"
    }
  ],
  "carts": [
  ],
  "firstproducts": [
    {
      "image": "https://2.bp.blogspot.com/-3dfDFnW6CK8/WN_drOxyt3I/AAAAAAABKUA/Pggh0TuABgQeeCu29CZNJuPNcRH-34ZmgCLcB/s1600/DSC08233square.jpg",
      "title": "first choice",
      "name": "Pasta",
      "price": 80
    },
    {
      "image": "https://revistavive.com/wp-content/uploads/2020/10/ALIMENTACION-2.png",
      "title": "second choice",
      "name": "Salamon",
      "price": 80
    },
    {
      "image": "https://th.bing.com/th/id/R.74ed5ee684a2fd754fcb4d372ec32bc1?rik=1MUu%2fRMbhGwzbA&riu=http%3a%2f%2fassets.marthastewart.com%2fstyles%2fwmax-1500%2fd25%2fmsledf_0905_chixbrownrice%2fmsledf_0905_chixbrownrice_sq.jpg%3fitok%3dC_vpGZ2v&ehk=ThHpbd7tzz7xzB7w4P12cI6Rf6XPXDYTOgQXYnEs7KE%3d&risl=&pid=ImgRaw&r=0",
      "title": "third choice",
      "name": "chicken & rice",
      "price": 80
    },
    {
      "image": "https://www.tasteofhome.com/wp-content/uploads/2018/01/exps3791_TGCB163937D03_09_1b-1.jpg",
      "title": "forth choice",
      "name": "Turkey soup",
      "price": 80
    },
    {
      "image": "https://www.theroastedroot.net/wp-content/uploads/2016/12/three_cheese_mushroom_bolognese_spaghetti_squash_casserole_1-720x720.jpg",
      "title": "fifth choice",
      "name": "Mashrom Spaghetti",
      "price": 80
    }
  ],
  "products": [
    {
      "image": "https://2.bp.blogspot.com/-3dfDFnW6CK8/WN_drOxyt3I/AAAAAAABKUA/Pggh0TuABgQeeCu29CZNJuPNcRH-34ZmgCLcB/s1600/DSC08233square.jpg",
      "title": "",
      "name": "Greek Kale Salad",
      "price": 80
    },
    {
      "image": "https://hemsleyandhemsley.com/assets/2018/08/IMG_5848.jpg",
      "title": "",
      "name": "Salad with cheese",
      "price": 80
    },
    {
      "image": "https://farm8.staticflickr.com/7028/13255151335_8863c62c4c_c.jpg",
      "title": "",
      "name": "Broccli Salad",
      "price": 80
    },
    {
      "image": "https://th.bing.com/th/id/OIP.EvR32h68J--1aRIOS0rkaQHaJQ?w=203&h=254&c=7&r=0&o=5&dpr=1.3&pid=1.7",
      "title": "",
      "name": "Corn Salad",
      "price": 90
    },
    {
      "image": "https://th.bing.com/th/id/OIP.S82KR_Nyb3tfMY16j1lHLwHaJ3?w=203&h=271&c=7&r=0&o=5&dpr=1.3&pid=1.7",
      "title": "",
      "name": "Fruit Salad ",
      "price": 90
    },
    {
      "image": "https://img.mensxp.com/media/content/2022/Nov/_a-bowl-of-Italian-pasta-salad_638061e4cf7d6.jpeg",
      "title": "",
      "name": "pasta salad",
      "price": 90
    },
    {
      "image": "https://www.theecoffeehouse.com/uploads/1/2/7/3/127318436/s797718911579512593_c2_i1_w640.jpeg",
      "title": "",
      "name": "Fresh salad ",
      "price": 90
    },
    {
      "image": "https://revistavive.com/wp-content/uploads/2020/10/ALIMENTACION-2.png",
      "title": "",
      "name": "Salmon",
      "price": 90
    },
    {
      "image": "https://i.pinimg.com/736x/25/f9/d4/25f9d48c4000984be7c492b421e85111.jpg",
      "title": "",
      "name": "Sea food",
      "price": 90
    },
    {
      "image": "https://www.theroastedroot.net/wp-content/uploads/2016/12/three_cheese_mushroom_bolognese_spaghetti_squash_casserole_1-720x720.jpg",
      "title": "",
      "name": "Mashrom Spaghetti",
      "price": 90
    },
    {
      "image": "https://th.bing.com/th/id/OIP.pgODV-r-_hMuokxzBcU53wHaHa?w=203&h=203&c=7&r=0&o=5&dpr=1.3&pid=1.7",
      "title": "",
      "name": "Butter Chicken",
      "price": 90
    },
    {
      "image": "https://properfoodie.com/wp-content/uploads/2021/04/Steak-and-chips-8.jpg",
      "title": "",
      "name": "Steak and chips",
      "price": 90
    },
    {
      "image": "https://www.frugalmomeh.com/wp-content/uploads/2014/01/SQUARE-1.jpg",
      "title": "",
      "name": "Peri chicken breast",
      "price": 90
    },
    {
      "image": "https://th.bing.com/th/id/R.74ed5ee684a2fd754fcb4d372ec32bc1?rik=1MUu%2fRMbhGwzbA&riu=http%3a%2f%2fassets.marthastewart.com%2fstyles%2fwmax-1500%2fd25%2fmsledf_0905_chixbrownrice%2fmsledf_0905_chixbrownrice_sq.jpg%3fitok%3dC_vpGZ2v&ehk=ThHpbd7tzz7xzB7w4P12cI6Rf6XPXDYTOgQXYnEs7KE%3d&risl=&pid=ImgRaw&r=0",
      "title": "",
      "name": "Chicken & rice",
      "price": 90
    },
    {
      "image": "https://www.tasteofhome.com/wp-content/uploads/2018/01/exps3791_TGCB163937D03_09_1b-1.jpg",
      "title": "",
      "name": "Turkey soup",
      "price": 90
    },
    {
      "image": "https://2.bp.blogspot.com/-3dfDFnW6CK8/WN_drOxyt3I/AAAAAAABKUA/Pggh0TuABgQeeCu29CZNJuPNcRH-34ZmgCLcB/s1600/DSC08233square.jpg",
      "title": "",
      "name": "Pasta",
      "price": 90
    },
    {
      "image": "https://i.pinimg.com/originals/b2/a0/76/b2a076464455793fa8855dd8630c8db6.jpg",
      "title": "",
      "name": "Bottato",
      "price": 90
    },
    {
      "image": "https://lh3.googleusercontent.com/R1Xoy4hK9btAI_y9dbX3v6bmC1vj14tXrL5dAwYaUBWrogisE_VOFx1oPmoEDtPByScgbxpORRW0rNo-0rtOT5HTztSeiTXvfe3CDnaH=w1200-l75",
      "title": "",
      "name": "Cheese bread ",
      "price": 90
    },
    {
      "image": "https://th.bing.com/th/id/OIP.Ucl3XIxeq0oJzKwMoIjbLwHaHa?w=196&h=196&c=7&r=0&o=5&dpr=1.3&pid=1.7",
      "title": "",
      "name": "Mozzarella fingers",
      "price": 90
    },
    {
      "image": "https://th.bing.com/th/id/OIP.uI2qFXCsdLptc8fLvCoBkAHaJ3?w=149&h=199&c=7&r=0&o=5&dpr=1.3&pid=1.7",
      "title": "",
      "name": "Wings with chile",
      "price": 90
    },
    {
      "image": "https://th.bing.com/th/id/OIP.6qpl-R3Wdf0dYZd495_S-AHaHa?w=186&h=186&c=7&r=0&o=5&dpr=1.3&pid=1.7",
      "title": "",
      "name": "Cooked vegetables",
      "price": 90
    }
  ],
  "startersproducts": [
    {
      "image": "https://www.tasteofhome.com/wp-content/uploads/2018/01/exps3791_TGCB163937D03_09_1b-1.jpg",
      "title": "",
      "name": "Turkey soup",
      "price": 90
    },
    {
      "image": "https://i.pinimg.com/originals/b2/a0/76/b2a076464455793fa8855dd8630c8db6.jpg",
      "title": "",
      "name": "Bottato",
      "price": 90
    },
    {
      "image": "https://lh3.googleusercontent.com/R1Xoy4hK9btAI_y9dbX3v6bmC1vj14tXrL5dAwYaUBWrogisE_VOFx1oPmoEDtPByScgbxpORRW0rNo-0rtOT5HTztSeiTXvfe3CDnaH=w1200-l75",
      "title": "",
      "name": "Cheese bread ",
      "price": 90
    },
    {
      "image": "https://th.bing.com/th/id/OIP.uI2qFXCsdLptc8fLvCoBkAHaJ3?w=149&h=199&c=7&r=0&o=5&dpr=1.3&pid=1.7",
      "title": "",
      "name": "Wings with chile",
      "price": 90
    },
    {
      "image": "https://th.bing.com/th/id/OIP.6qpl-R3Wdf0dYZd495_S-AHaHa?w=186&h=186&c=7&r=0&o=5&dpr=1.3&pid=1.7",
      "title": "",
      "name": "Cooked vegetables",
      "price": 90
    }
  ],
  "mainproducts": [
    {
      "image": "https://revistavive.com/wp-content/uploads/2020/10/ALIMENTACION-2.png",
      "title": "",
      "name": "Salmon",
      "price": 90
    },
    {
      "image": "https://www.theroastedroot.net/wp-content/uploads/2016/12/three_cheese_mushroom_bolognese_spaghetti_squash_casserole_1-720x720.jpg",
      "title": "",
      "name": "Mashrom Spaghetti",
      "price": 90
    },
    {
      "image": "https://properfoodie.com/wp-content/uploads/2021/04/Steak-and-chips-8.jpg",
      "title": "",
      "name": "Steak and chips",
      "price": 90
    },
    {
      "image": "https://www.frugalmomeh.com/wp-content/uploads/2014/01/SQUARE-1.jpg",
      "title": "",
      "name": "Peri chicken breast",
      "price": 90
    },
    {
      "image": "https://th.bing.com/th/id/R.74ed5ee684a2fd754fcb4d372ec32bc1?rik=1MUu%2fRMbhGwzbA&riu=http%3a%2f%2fassets.marthastewart.com%2fstyles%2fwmax-1500%2fd25%2fmsledf_0905_chixbrownrice%2fmsledf_0905_chixbrownrice_sq.jpg%3fitok%3dC_vpGZ2v&ehk=ThHpbd7tzz7xzB7w4P12cI6Rf6XPXDYTOgQXYnEs7KE%3d&risl=&pid=ImgRaw&r=0",
      "title": "",
      "name": "Chicken & rice",
      "price": 90
    }
  ],
  "saladsproducts": [
    {
      "image": "https://2.bp.blogspot.com/-3dfDFnW6CK8/WN_drOxyt3I/AAAAAAABKUA/Pggh0TuABgQeeCu29CZNJuPNcRH-34ZmgCLcB/s1600/DSC08233square.jpg",
      "title": "",
      "name": "Greek Kale Salad",
      "price": 80
    },
    {
      "image": "https://hemsleyandhemsley.com/assets/2018/08/IMG_5848.jpg",
      "title": "",
      "name": "Salad with cheese",
      "price": 80
    },
    {
      "image": "https://farm8.staticflickr.com/7028/13255151335_8863c62c4c_c.jpg",
      "title": "",
      "name": "Broccli Salad",
      "price": 80
    },
    {
      "image": "https://th.bing.com/th/id/OIP.EvR32h68J--1aRIOS0rkaQHaJQ?w=203&h=254&c=7&r=0&o=5&dpr=1.3&pid=1.7",
      "title": "",
      "name": "Corn Salad",
      "price": 90
    },
    {
      "image": "https://th.bing.com/th/id/OIP.S82KR_Nyb3tfMY16j1lHLwHaJ3?w=203&h=271&c=7&r=0&o=5&dpr=1.3&pid=1.7",
      "title": "",
      "name": "Fruit Salad ",
      "price": 90
    },
    {
      "image": "https://img.mensxp.com/media/content/2022/Nov/_a-bowl-of-Italian-pasta-salad_638061e4cf7d6.jpeg",
      "title": "",
      "name": "pasta salad",
      "price": 90
    }
  ]
}